scope,name,current_clean_frames,baseline_clean_frames,current_frame_ms_mean,baseline_frame_ms_mean,frame_ms_delta,frame_time_percent_change,current_average_fps,baseline_average_fps,average_fps_percent_change,current_1_percent_low_fps,baseline_1_percent_low_fps,current_spikes,baseline_spikes,frame_hash_match,state_hash_match,current_detailed_frame,baseline_detailed_frame,detail_trace_comparable,detail_trace_noncomparable_reason,current_admin_corrected_ms,baseline_admin_corrected_ms,admin_percent_change,current_wait_corrected_ms,baseline_wait_corrected_ms,wait_percent_change,current_background_corrected_ms,baseline_background_corrected_ms,background_percent_change,current_dda_corrected_ms,baseline_dda_corrected_ms,dda_percent_change,current_portal_trace_corrected_ms,baseline_portal_trace_corrected_ms,portal_trace_percent_change,current_wall_draw_corrected_ms,baseline_wall_draw_corrected_ms,wall_draw_percent_change,current_portal_draw_corrected_ms,baseline_portal_draw_corrected_ms,portal_draw_percent_change
overall,ALL_CLEAN,971,971,57.25286230368177,62.965809500917224,-5.712947197235451,-9.07309418002834,17.46637564940911,15.881634936900683,9.978448181215338,12.565380780734719,11.923006949750755,0,0,,,,,,,,,,,,,,,,,,,,,,,,,,,
section,A_APPROACH,8,8,59.963226318359375,62.030792236328125,-2.06756591796875,-3.3331283438902903,16.676887842738086,16.12102576717299,3.448056492143259,15.058823529411764,13.896522476675148,0,0,1,1,1,0,0,selected frame index/state differs,8.758544921875,8.97216796875,,0.0,1.3427734375,,11.444091796875,12.5732421875,,14.58740234375,14.34326171875,,9.21630859375,12.3291015625,,10.406494140625,9.979248046875,,4.913330078125,4.82177734375,
section,LARGE_ENTRY,20,20,41.1865234375,49.49188232421875,-8.30535888671875,-16.781254817326964,24.279786603438055,20.205333744411902,20.165234143449908,23.043600562587905,20.127764127764127,0,0,1,1,10,9,0,selected frame index/state differs,5.0048828125,4.913330078125,,0.0,0.0,,12.5732421875,13.916015625,,8.514404296875,8.11767578125,,1.007080078125,1.556396484375,,10.80322265625,10.833740234375,,0.0,0.0,
section,SLOW_SWEEP,80,80,58.11805725097656,63.5009765625,-5.3829193115234375,-8.476907920030763,17.20635629098213,15.747789311803153,9.262042755968046,14.773669972948602,14.727191011235956,0,0,1,1,82,82,1,,6.40869140625,7.110595703125,-9.871244635193133,0.0,0.0,,16.357421875,18.341064453125,-10.815307820299502,11.627197265625,10.894775390625,6.72268907563025,5.4931640625,7.080078125,-22.413793103448278,11.993408203125,11.90185546875,0.7692307692307665,5.889892578125,5.859375,0.5208333333333259
section,FAST_SWEEP,40,40,56.038665771484375,60.12115478515625,-4.082489013671875,-6.790436790944387,17.84482171787995,16.63308037867059,7.285128861417833,14.713964975303098,12.895710350255804,0,0,1,1,140,146,0,selected frame index/state differs,7.4462890625,8.026123046875,,0.0,0.0,,12.542724609375,14.7705078125,,12.75634765625,11.90185546875,,6.744384765625,8.636474609375,,13.24462890625,14.404296875,,8.72802734375,8.7890625,
section,A_RETURN,28,28,66.43022809709821,74.12610735212054,-7.695879255022334,-10.382144064930687,15.053388022969648,13.49052359177192,11.584905660377354,12.810007818608288,12.06480117820324,0,0,1,1,155,156,0,selected frame index/state differs,7.843017578125,9.124755859375,,0.0,0.0,,12.420654296875,13.916015625,,14.46533203125,13.73291015625,,9.124755859375,12.420654296875,,11.810302734375,11.23046875,,13.671875,13.763427734375,
section,B_APPROACH,76,76,55.82468133223684,64.44710179379112,-8.622420461554277,-13.379066275382101,17.91322361606629,15.516601556415385,15.445534583956722,15.91452161243322,14.847304032623471,0,0,1,1,215,180,0,selected frame index/state differs,5.401611328125,6.011962890625,,0.0,0.0,,20.3857421875,26.67236328125,,8.636474609375,10.009765625,,1.678466796875,4.0283203125,,15.167236328125,9.33837890625,,0.823974609375,1.953125,
section,B_VIEW,40,40,64.32037353515625,67.92755126953125,-3.607177734375,-5.310330884830517,15.54717339216663,14.721567041804255,5.608141769269093,14.867513611615244,12.671307037896366,0,0,1,1,263,280,0,selected frame index/state differs,6.622314453125,8.514404296875,,0.0,0.0,,17.059326171875,15.80810546875,,10.7421875,13.427734375,,4.8828125,11.65771484375,,15.19775390625,11.932373046875,,4.2724609375,7.2021484375,
section,B_TO_SMALL,20,20,53.69873046875,53.5888671875,0.10986328125,0.20501138952164766,18.622414185042054,18.660592255125284,-0.2045919527165263,15.05190629306385,15.065747126436781,0,0,1,1,293,295,0,selected frame index/state differs,7.781982421875,9.124755859375,,0.0,0.0,,13.275146484375,14.862060546875,,13.5498046875,13.031005859375,,8.1787109375,11.199951171875,,12.8173828125,12.63427734375,,4.39453125,3.60107421875,
section,SMALL_SWEEP,80,80,59.702301025390625,64.276123046875,-4.573822021484375,-7.1158959263127874,16.749773171635592,15.557876744848542,7.661048138729498,12.545176110260337,11.812545061283345,0,0,1,1,388,382,0,selected frame index/state differs,7.598876953125,7.4462890625,,0.0,0.0,,20.904541015625,24.2919921875,,13.092041015625,11.322021484375,,6.4697265625,7.293701171875,,14.5263671875,17.63916015625,,7.720947265625,6.16455078125,
section,B_RETURN,20,20,70.96710205078125,78.399658203125,-7.43255615234375,-9.480342545737642,14.09103614354211,12.755157648890618,10.473241738158222,12.07814227792112,11.86816370880116,0,0,1,1,401,400,0,selected frame index/state differs,8.9111328125,9.58251953125,,0.0,0.0,,20.56884765625,23.86474609375,,16.693115234375,15.838623046875,,10.19287109375,13.458251953125,,9.765625,10.040283203125,,8.6669921875,8.636474609375,
section,OPEN_TRAVERSE,120,120,55.735015869140625,63.692474365234375,-7.95745849609375,-12.493561563432076,17.942042079038508,15.700442006156942,14.277305517911664,15.933868222708485,14.918279080355111,0,0,1,1,416,413,0,selected frame index/state differs,5.18798828125,6.378173828125,,0.0,0.0,,22.39990234375,26.0009765625,,10.589599609375,9.735107421875,,2.9296875,3.570556640625,,9.6435546875,9.70458984375,,1.5869140625,1.434326171875,
section,OPEN_NAV,104,104,50.49485426682692,54.34916569636418,-3.854311429537262,-7.091758226925471,19.803998140399813,18.399546473017843,7.633077638307761,16.339067564198455,14.976234003656307,0,0,1,1,628,628,1,,5.767822265625,6.072998046875,-5.025125628140703,0.0,0.0,,18.585205078125,21.42333984375,-13.247863247863245,10.589599609375,10.101318359375,4.8338368580060465,3.326416015625,4.2724609375,-22.142857142857142,11.16943359375,10.92529296875,2.2346368715083775,2.349853515625,2.38037109375,-1.2820512820512775
section,D_APPROACH,105,105,61.929175967261905,67.24068777901786,-5.311511811755956,-7.899252650734168,16.147477895211097,14.871947819546921,8.57675195704819,14.447971781305114,11.974419879408003,0,0,1,1,740,739,0,selected frame index/state differs,7.537841796875,7.904052734375,,0.0,0.0,,13.885498046875,15.80810546875,,14.129638671875,13.5498046875,,8.087158203125,10.80322265625,,12.115478515625,12.298583984375,,13.671875,13.36669921875,
section,D_CROSS,20,20,68.26324462890625,74.74517822265625,-6.48193359375,-8.672042461978158,14.649171826452378,13.378789425334286,9.49549589824976,12.666408967916505,11.872463768115942,0,0,1,1,743,742,0,selected frame index/state differs,8.056640625,8.48388671875,,0.0,0.0,,13.519287109375,15.777587890625,,14.22119140625,13.671875,,8.270263671875,11.16943359375,,11.505126953125,11.932373046875,,15.106201171875,14.95361328125,
section,D_TURN_BACK,80,80,58.59031677246094,63.562774658203125,-4.9724578857421875,-7.822908789744698,17.06766672526385,15.732478724808853,8.48682539992578,14.881017257039055,14.827149321266969,0,0,1,1,818,840,0,selected frame index/state differs,7.4462890625,8.819580078125,,0.0,0.0,,13.824462890625,14.95361328125,,14.46533203125,13.97705078125,,7.9345703125,11.749267578125,,10.406494140625,12.603759765625,,6.7138671875,4.730224609375,
section,D_RETURN,10,10,56.976318359375,66.5374755859375,-9.5611572265625,-14.369582167591622,17.551151580074986,15.029124432417557,16.78093197643278,15.24093023255814,14.747074707470746,0,0,1,1,841,841,1,,8.941650390625,8.087158203125,10.566037735849054,0.0,0.0,,13.275146484375,14.95361328125,-11.22448979591837,14.434814453125,14.190673828125,1.7204301075268713,8.6669921875,12.39013671875,-30.04926108374384,12.359619140625,12.5732421875,-1.6990291262135915,4.302978515625,4.608154296875,-6.622516556291391
section,BOUNDARY_SLOW,80,80,53.99932861328125,60.23521423339844,-6.2358856201171875,-10.352558216120023,18.518748763740145,16.60158451707694,11.548079911837018,15.968810916179336,14.983081847279378,0,0,1,1,882,859,0,selected frame index/state differs,5.37109375,5.584716796875,,0.0,0.0,,20.44677734375,25.543212890625,,9.002685546875,8.209228515625,,1.678466796875,2.44140625,,15.472412109375,14.801025390625,,0.518798828125,0.54931640625,
section,OPEN_EXIT,40,40,51.715850830078125,56.912994384765625,-5.1971435546875,-9.131734520154966,19.336431363871064,17.570679786050377,10.049420963339983,16.086401570937653,15.058823529411764,0,0,1,1,967,963,0,selected frame index/state differs,4.33349609375,4.94384765625,,0.0,0.0,,14.373779296875,16.204833984375,,7.537841796875,7.14111328125,,1.373291015625,1.495361328125,,23.8037109375,24.84130859375,,0.0,0.0,
