scene_index,scene_id,scene_name,scene_flags,frame_hash,player_x_raw,player_y_raw,player_x,player_y,angle_raw,angle_degrees,primary_hex,secondary_hex,sample_index,scene_sample_index,detailed,status,total_ticks,total_ms,wait_ticks,wait_ms,background_ticks,background_ms,columns_ticks,columns_ms,casts,max_depth,trace_total_ticks,trace_total_ms,trace_category_delta_ticks,portal_transforms,wall_calls,mask_calls,portal_candidates,linked_exits,textured_rows,dda_steps,admin_raw_ticks,admin_entries,admin_corrected_ticks,admin_corrected_ms,wait_raw_ticks,wait_entries,wait_corrected_ticks,wait_corrected_ms,background_raw_ticks,background_entries,background_corrected_ticks,background_corrected_ms,dda_raw_ticks,dda_entries,dda_corrected_ticks,dda_corrected_ms,portal_trace_raw_ticks,portal_trace_entries,portal_trace_corrected_ticks,portal_trace_corrected_ms,wall_draw_raw_ticks,wall_draw_entries,wall_draw_corrected_ticks,wall_draw_corrected_ms,portal_draw_raw_ticks,portal_draw_entries,portal_draw_corrected_ticks,portal_draw_corrected_ms
0,1,NEAR_WALL,0x00,0xAA5E6985,384,384,1.5,1.5,8192,180.0,00000000,00000000,0,0,0,0x00,1468,44.7998046875,1,0.030517578125,361,11.016845703125,1103,33.660888671875,80,1,0,0.0,0,0,0,0,0,0,0,0,0,0,0,0.0,0,0,0,0.0,0,0,0,0.0,0,0,0,0.0,0,0,0,0.0,0,0,0,0.0,0,0,0,0.0
0,1,NEAR_WALL,0x00,0xAA5E6985,384,384,1.5,1.5,8192,180.0,00000000,00000000,1,1,0,0x00,1468,44.7998046875,1,0.030517578125,360,10.986328125,1103,33.660888671875,80,1,0,0.0,0,0,0,0,0,0,0,0,0,0,0,0.0,0,0,0,0.0,0,0,0,0.0,0,0,0,0.0,0,0,0,0.0,0,0,0,0.0,0,0,0,0.0
0,1,NEAR_WALL,0x00,0xAA5E6985,384,384,1.5,1.5,8192,180.0,00000000,00000000,2,2,0,0x00,1468,44.7998046875,1,0.030517578125,361,11.016845703125,1103,33.660888671875,80,1,0,0.0,0,0,0,0,0,0,0,0,0,0,0,0.0,0,0,0,0.0,0,0,0,0.0,0,0,0,0.0,0,0,0,0.0,0,0,0,0.0,0,0,0,0.0
0,1,NEAR_WALL,0x00,0xAA5E6985,384,384,1.5,1.5,8192,180.0,00000000,00000000,3,3,0,0x00,1467,44.769287109375,1,0.030517578125,361,11.016845703125,1103,33.660888671875,80,1,0,0.0,0,0,0,0,0,0,0,0,0,0,0,0.0,0,0,0,0.0,0,0,0,0.0,0,0,0,0.0,0,0,0,0.0,0,0,0,0.0,0,0,0,0.0
0,1,NEAR_WALL,0x00,0xAA5E6985,384,384,1.5,1.5,8192,180.0,00000000,00000000,4,4,0,0x00,1468,44.7998046875,1,0.030517578125,361,11.016845703125,1103,33.660888671875,80,1,0,0.0,0,0,0,0,0,0,0,0,0,0,0,0.0,0,0,0,0.0,0,0,0,0.0,0,0,0,0.0,0,0,0,0.0,0,0,0,0.0,0,0,0,0.0
0,1,NEAR_WALL,0x00,0xAA5E6985,384,384,1.5,1.5,8192,180.0,00000000,00000000,5,5,0,0x00,1468,44.7998046875,0,0.0,361,11.016845703125,1103,33.660888671875,80,1,0,0.0,0,0,0,0,0,0,0,0,0,0,0,0.0,0,0,0,0.0,0,0,0,0.0,0,0,0,0.0,0,0,0,0.0,0,0,0,0.0,0,0,0,0.0
0,1,NEAR_WALL,0x00,0xAA5E6985,384,384,1.5,1.5,8192,180.0,00000000,00000000,6,6,0,0x00,1468,44.7998046875,0,0.0,360,10.986328125,1104,33.69140625,80,1,0,0.0,0,0,0,0,0,0,0,0,0,0,0,0.0,0,0,0,0.0,0,0,0,0.0,0,0,0,0.0,0,0,0,0.0,0,0,0,0.0,0,0,0,0.0
0,1,NEAR_WALL,0x00,0xAA5E6985,384,384,1.5,1.5,8192,180.0,00000000,00000000,7,7,0,0x00,1468,44.7998046875,0,0.0,360,10.986328125,1104,33.69140625,80,1,0,0.0,0,0,0,0,0,0,0,0,0,0,0,0.0,0,0,0,0.0,0,0,0,0.0,0,0,0,0.0,0,0,0,0.0,0,0,0,0.0,0,0,0,0.0
0,1,NEAR_WALL,0x00,0xAA5E6985,384,384,1.5,1.5,8192,180.0,00000000,00000000,8,8,1,0x01,1865,56.915283203125,2,0.06103515625,362,11.04736328125,1495,45.623779296875,80,1,1863,56.854248046875,0,0,80,0,0,0,19200,80,259,163,99,3.021240234375,1,1,0,0.0,361,1,360,10.986328125,313,80,234,7.14111328125,141,80,62,1.89208984375,788,80,709,21.636962890625,0,0,0,0.0
0,1,NEAR_WALL,0x00,0xAA5E6985,384,384,1.5,1.5,8192,180.0,00000000,00000000,9,9,1,0x01,1865,56.915283203125,2,0.06103515625,362,11.04736328125,1495,45.623779296875,80,1,1864,56.884765625,0,0,80,0,0,0,19200,80,267,163,107,3.265380859375,1,1,0,0.0,361,1,360,10.986328125,310,80,231,7.049560546875,142,80,63,1.922607421875,783,80,704,21.484375,0,0,0,0.0
0,1,NEAR_WALL,0x00,0xAA5E6985,384,384,1.5,1.5,8192,180.0,00000000,00000000,10,10,1,0x01,1864,56.884765625,2,0.06103515625,362,11.04736328125,1495,45.623779296875,80,1,1864,56.884765625,0,0,80,0,0,0,19200,80,260,163,100,3.0517578125,1,1,0,0.0,361,1,360,10.986328125,312,80,233,7.110595703125,143,80,64,1.953125,787,80,708,21.6064453125,0,0,0,0.0
0,1,NEAR_WALL,0x00,0xAA5E6985,384,384,1.5,1.5,8192,180.0,00000000,00000000,11,11,1,0x01,1864,56.884765625,2,0.06103515625,362,11.04736328125,1495,45.623779296875,80,1,1863,56.854248046875,0,0,80,0,0,0,19200,80,262,163,102,3.11279296875,1,1,0,0.0,361,1,360,10.986328125,311,80,232,7.080078125,141,80,62,1.89208984375,787,80,708,21.6064453125,0,0,0,0.0
1,2,MID_DIRECT,0x00,0x1538F381,2432,640,9.5,2.5,12288,270.0,00000000,00000000,12,0,0,0x00,1435,43.792724609375,0,0.0,409,12.481689453125,1022,31.18896484375,80,1,0,0.0,0,0,0,0,0,0,0,0,0,0,0,0.0,0,0,0,0.0,0,0,0,0.0,0,0,0,0.0,0,0,0,0.0,0,0,0,0.0,0,0,0,0.0
1,2,MID_DIRECT,0x00,0x1538F381,2432,640,9.5,2.5,12288,270.0,00000000,00000000,13,1,0,0x00,1436,43.8232421875,0,0.0,410,12.51220703125,1021,31.158447265625,80,1,0,0.0,0,0,0,0,0,0,0,0,0,0,0,0.0,0,0,0,0.0,0,0,0,0.0,0,0,0,0.0,0,0,0,0.0,0,0,0,0.0,0,0,0,0.0
1,2,MID_DIRECT,0x00,0x1538F381,2432,640,9.5,2.5,12288,270.0,00000000,00000000,14,2,0,0x00,1435,43.792724609375,1,0.030517578125,410,12.51220703125,1022,31.18896484375,80,1,0,0.0,0,0,0,0,0,0,0,0,0,0,0,0.0,0,0,0,0.0,0,0,0,0.0,0,0,0,0.0,0,0,0,0.0,0,0,0,0.0,0,0,0,0.0
1,2,MID_DIRECT,0x00,0x1538F381,2432,640,9.5,2.5,12288,270.0,00000000,00000000,15,3,0,0x00,1435,43.792724609375,1,0.030517578125,409,12.481689453125,1022,31.18896484375,80,1,0,0.0,0,0,0,0,0,0,0,0,0,0,0,0.0,0,0,0,0.0,0,0,0,0.0,0,0,0,0.0,0,0,0,0.0,0,0,0,0.0,0,0,0,0.0
1,2,MID_DIRECT,0x00,0x1538F381,2432,640,9.5,2.5,12288,270.0,00000000,00000000,16,4,0,0x00,1436,43.8232421875,0,0.0,409,12.481689453125,1022,31.18896484375,80,1,0,0.0,0,0,0,0,0,0,0,0,0,0,0,0.0,0,0,0,0.0,0,0,0,0.0,0,0,0,0.0,0,0,0,0.0,0,0,0,0.0,0,0,0,0.0
1,2,MID_DIRECT,0x00,0x1538F381,2432,640,9.5,2.5,12288,270.0,00000000,00000000,17,5,0,0x00,1435,43.792724609375,1,0.030517578125,410,12.51220703125,1021,31.158447265625,80,1,0,0.0,0,0,0,0,0,0,0,0,0,0,0,0.0,0,0,0,0.0,0,0,0,0.0,0,0,0,0.0,0,0,0,0.0,0,0,0,0.0,0,0,0,0.0
1,2,MID_DIRECT,0x00,0x1538F381,2432,640,9.5,2.5,12288,270.0,00000000,00000000,18,6,0,0x00,1435,43.792724609375,1,0.030517578125,409,12.481689453125,1022,31.18896484375,80,1,0,0.0,0,0,0,0,0,0,0,0,0,0,0,0.0,0,0,0,0.0,0,0,0,0.0,0,0,0,0.0,0,0,0,0.0,0,0,0,0.0,0,0,0,0.0
1,2,MID_DIRECT,0x00,0x1538F381,2432,640,9.5,2.5,12288,270.0,00000000,00000000,19,7,0,0x00,1435,43.792724609375,1,0.030517578125,409,12.481689453125,1022,31.18896484375,80,1,0,0.0,0,0,0,0,0,0,0,0,0,0,0,0.0,0,0,0,0.0,0,0,0,0.0,0,0,0,0.0,0,0,0,0.0,0,0,0,0.0,0,0,0,0.0
1,2,MID_DIRECT,0x00,0x1538F381,2432,640,9.5,2.5,12288,270.0,00000000,00000000,20,8,1,0x01,1830,55.84716796875,2,0.06103515625,411,12.542724609375,1413,43.121337890625,80,1,1829,55.816650390625,0,0,80,0,0,0,12800,200,261,163,101,3.082275390625,1,1,0,0.0,410,1,409,12.481689453125,319,80,240,7.32421875,144,80,65,1.983642578125,694,80,615,18.768310546875,0,0,0,0.0
1,2,MID_DIRECT,0x00,0x1538F381,2432,640,9.5,2.5,12288,270.0,00000000,00000000,21,9,1,0x01,1830,55.84716796875,3,0.091552734375,411,12.542724609375,1413,43.121337890625,80,1,1830,55.84716796875,0,0,80,0,0,0,12800,200,262,163,102,3.11279296875,1,1,0,0.0,410,1,409,12.481689453125,320,80,241,7.354736328125,141,80,62,1.89208984375,696,80,617,18.829345703125,0,0,0,0.0
1,2,MID_DIRECT,0x00,0x1538F381,2432,640,9.5,2.5,12288,270.0,00000000,00000000,22,10,1,0x01,1831,55.877685546875,2,0.06103515625,411,12.542724609375,1412,43.0908203125,80,1,1830,55.84716796875,0,0,80,0,0,0,12800,200,259,163,99,3.021240234375,1,1,0,0.0,410,1,409,12.481689453125,318,80,239,7.293701171875,146,80,67,2.044677734375,696,80,617,18.829345703125,0,0,0,0.0
1,2,MID_DIRECT,0x00,0x1538F381,2432,640,9.5,2.5,12288,270.0,00000000,00000000,23,11,1,0x01,1831,55.877685546875,2,0.06103515625,411,12.542724609375,1413,43.121337890625,80,1,1830,55.84716796875,0,0,80,0,0,0,12800,200,262,163,102,3.11279296875,1,1,0,0.0,410,1,409,12.481689453125,319,80,240,7.32421875,142,80,63,1.922607421875,696,80,617,18.829345703125,0,0,0,0.0
2,3,LONG_DDA,0x00,0x125784EE,896,384,3.5,1.5,1536,33.75,00000000,00000000,24,0,0,0x00,1551,47.332763671875,0,0.0,774,23.62060546875,772,23.5595703125,80,1,0,0.0,0,0,0,0,0,0,0,0,0,0,0,0.0,0,0,0,0.0,0,0,0,0.0,0,0,0,0.0,0,0,0,0.0,0,0,0,0.0,0,0,0,0.0
2,3,LONG_DDA,0x00,0x125784EE,896,384,3.5,1.5,1536,33.75,00000000,00000000,25,1,0,0x00,1550,47.30224609375,1,0.030517578125,774,23.62060546875,772,23.5595703125,80,1,0,0.0,0,0,0,0,0,0,0,0,0,0,0,0.0,0,0,0,0.0,0,0,0,0.0,0,0,0,0.0,0,0,0,0.0,0,0,0,0.0,0,0,0,0.0
2,3,LONG_DDA,0x00,0x125784EE,896,384,3.5,1.5,1536,33.75,00000000,00000000,26,2,0,0x00,1550,47.30224609375,1,0.030517578125,773,23.590087890625,773,23.590087890625,80,1,0,0.0,0,0,0,0,0,0,0,0,0,0,0,0.0,0,0,0,0.0,0,0,0,0.0,0,0,0,0.0,0,0,0,0.0,0,0,0,0.0,0,0,0,0.0
2,3,LONG_DDA,0x00,0x125784EE,896,384,3.5,1.5,1536,33.75,00000000,00000000,27,3,0,0x00,1550,47.30224609375,1,0.030517578125,773,23.590087890625,773,23.590087890625,80,1,0,0.0,0,0,0,0,0,0,0,0,0,0,0,0.0,0,0,0,0.0,0,0,0,0.0,0,0,0,0.0,0,0,0,0.0,0,0,0,0.0,0,0,0,0.0
2,3,LONG_DDA,0x00,0x125784EE,896,384,3.5,1.5,1536,33.75,00000000,00000000,28,4,0,0x00,1550,47.30224609375,0,0.0,773,23.590087890625,773,23.590087890625,80,1,0,0.0,0,0,0,0,0,0,0,0,0,0,0,0.0,0,0,0,0.0,0,0,0,0.0,0,0,0,0.0,0,0,0,0.0,0,0,0,0.0,0,0,0,0.0
2,3,LONG_DDA,0x00,0x125784EE,896,384,3.5,1.5,1536,33.75,00000000,00000000,29,5,0,0x00,1551,47.332763671875,0,0.0,774,23.62060546875,772,23.5595703125,80,1,0,0.0,0,0,0,0,0,0,0,0,0,0,0,0.0,0,0,0,0.0,0,0,0,0.0,0,0,0,0.0,0,0,0,0.0,0,0,0,0.0,0,0,0,0.0
2,3,LONG_DDA,0x00,0x125784EE,896,384,3.5,1.5,1536,33.75,00000000,00000000,30,6,0,0x00,1550,47.30224609375,1,0.030517578125,774,23.62060546875,772,23.5595703125,80,1,0,0.0,0,0,0,0,0,0,0,0,0,0,0,0.0,0,0,0,0.0,0,0,0,0.0,0,0,0,0.0,0,0,0,0.0,0,0,0,0.0,0,0,0,0.0
2,3,LONG_DDA,0x00,0x125784EE,896,384,3.5,1.5,1536,33.75,00000000,00000000,31,7,0,0x00,1550,47.30224609375,1,0.030517578125,773,23.590087890625,773,23.590087890625,80,1,0,0.0,0,0,0,0,0,0,0,0,0,0,0,0.0,0,0,0,0.0,0,0,0,0.0,0,0,0,0.0,0,0,0,0.0,0,0,0,0.0,0,0,0,0.0
2,3,LONG_DDA,0x00,0x125784EE,896,384,3.5,1.5,1536,33.75,00000000,00000000,32,8,1,0x01,1946,59.38720703125,2,0.06103515625,775,23.651123046875,1165,35.552978515625,80,1,1945,59.356689453125,0,0,80,0,0,0,2424,1155,268,163,108,3.2958984375,1,1,0,0.0,774,1,773,23.590087890625,358,80,279,8.514404296875,142,80,63,1.922607421875,402,80,323,9.857177734375,0,0,0,0.0
2,3,LONG_DDA,0x00,0x125784EE,896,384,3.5,1.5,1536,33.75,00000000,00000000,33,9,1,0x01,1946,59.38720703125,2,0.06103515625,775,23.651123046875,1164,35.5224609375,80,1,1945,59.356689453125,0,0,80,0,0,0,2424,1155,259,163,99,3.021240234375,1,1,0,0.0,774,1,773,23.590087890625,368,80,289,8.819580078125,142,80,63,1.922607421875,401,80,322,9.82666015625,0,0,0,0.0
2,3,LONG_DDA,0x00,0x125784EE,896,384,3.5,1.5,1536,33.75,00000000,00000000,34,10,1,0x01,1946,59.38720703125,2,0.06103515625,775,23.651123046875,1164,35.5224609375,80,1,1945,59.356689453125,0,0,80,0,0,0,2424,1155,261,163,101,3.082275390625,1,1,0,0.0,774,1,773,23.590087890625,365,80,286,8.72802734375,145,80,66,2.01416015625,399,80,320,9.765625,0,0,0,0.0
2,3,LONG_DDA,0x00,0x125784EE,896,384,3.5,1.5,1536,33.75,00000000,00000000,35,11,1,0x01,1947,59.417724609375,2,0.06103515625,775,23.651123046875,1164,35.5224609375,80,1,1945,59.356689453125,0,0,80,0,0,0,2424,1155,262,163,102,3.11279296875,1,1,0,0.0,774,1,773,23.590087890625,367,80,288,8.7890625,143,80,64,1.953125,398,80,319,9.735107421875,0,0,0,0.0
3,4,PORTAL_CHAIN,0x00,0xE30EFF60,384,640,1.5,2.5,8192,180.0,00000000,00000000,36,0,0,0x00,1787,54.534912109375,1,0.030517578125,376,11.474609375,1408,42.96875,166,3,0,0.0,0,0,0,0,0,0,0,0,0,0,0,0.0,0,0,0,0.0,0,0,0,0.0,0,0,0,0.0,0,0,0,0.0,0,0,0,0.0,0,0,0,0.0
3,4,PORTAL_CHAIN,0x00,0xE30EFF60,384,640,1.5,2.5,8192,180.0,00000000,00000000,37,1,0,0x00,1788,54.5654296875,0,0.0,376,11.474609375,1407,42.938232421875,166,3,0,0.0,0,0,0,0,0,0,0,0,0,0,0,0.0,0,0,0,0.0,0,0,0,0.0,0,0,0,0.0,0,0,0,0.0,0,0,0,0.0,0,0,0,0.0
3,4,PORTAL_CHAIN,0x00,0xE30EFF60,384,640,1.5,2.5,8192,180.0,00000000,00000000,38,2,0,0x00,1787,54.534912109375,1,0.030517578125,375,11.444091796875,1408,42.96875,166,3,0,0.0,0,0,0,0,0,0,0,0,0,0,0,0.0,0,0,0,0.0,0,0,0,0.0,0,0,0,0.0,0,0,0,0.0,0,0,0,0.0,0,0,0,0.0
3,4,PORTAL_CHAIN,0x00,0xE30EFF60,384,640,1.5,2.5,8192,180.0,00000000,00000000,39,3,0,0x00,1788,54.5654296875,0,0.0,376,11.474609375,1407,42.938232421875,166,3,0,0.0,0,0,0,0,0,0,0,0,0,0,0,0.0,0,0,0,0.0,0,0,0,0.0,0,0,0,0.0,0,0,0,0.0,0,0,0,0.0,0,0,0,0.0
3,4,PORTAL_CHAIN,0x00,0xE30EFF60,384,640,1.5,2.5,8192,180.0,00000000,00000000,40,4,0,0x00,1787,54.534912109375,1,0.030517578125,376,11.474609375,1407,42.938232421875,166,3,0,0.0,0,0,0,0,0,0,0,0,0,0,0,0.0,0,0,0,0.0,0,0,0,0.0,0,0,0,0.0,0,0,0,0.0,0,0,0,0.0,0,0,0,0.0
3,4,PORTAL_CHAIN,0x00,0xE30EFF60,384,640,1.5,2.5,8192,180.0,00000000,00000000,41,5,0,0x00,1788,54.5654296875,0,0.0,376,11.474609375,1408,42.96875,166,3,0,0.0,0,0,0,0,0,0,0,0,0,0,0,0.0,0,0,0,0.0,0,0,0,0.0,0,0,0,0.0,0,0,0,0.0,0,0,0,0.0,0,0,0,0.0
3,4,PORTAL_CHAIN,0x00,0xE30EFF60,384,640,1.5,2.5,8192,180.0,00000000,00000000,42,6,0,0x00,1788,54.5654296875,1,0.030517578125,376,11.474609375,1407,42.938232421875,166,3,0,0.0,0,0,0,0,0,0,0,0,0,0,0,0.0,0,0,0,0.0,0,0,0,0.0,0,0,0,0.0,0,0,0,0.0,0,0,0,0.0,0,0,0,0.0
3,4,PORTAL_CHAIN,0x00,0xE30EFF60,384,640,1.5,2.5,8192,180.0,00000000,00000000,43,7,0,0x00,1787,54.534912109375,1,0.030517578125,376,11.474609375,1408,42.96875,166,3,0,0.0,0,0,0,0,0,0,0,0,0,0,0,0.0,0,0,0,0.0,0,0,0,0.0,0,0,0,0.0,0,0,0,0.0,0,0,0,0.0,0,0,0,0.0
3,4,PORTAL_CHAIN,0x00,0xE30EFF60,384,640,1.5,2.5,8192,180.0,00000000,00000000,44,8,1,0x01,2662,81.23779296875,2,0.06103515625,378,11.53564453125,2278,69.51904296875,166,3,2661,81.207275390625,0,86,80,86,86,86,2709,911,388,249,143,4.364013671875,1,1,0,0.0,376,1,375,11.444091796875,615,166,452,13.7939453125,626,252,378,11.53564453125,408,80,329,10.040283203125,247,86,162,4.94384765625
3,4,PORTAL_CHAIN,0x00,0xE30EFF60,384,640,1.5,2.5,8192,180.0,00000000,00000000,45,9,1,0x01,2663,81.268310546875,2,0.06103515625,378,11.53564453125,2277,69.488525390625,166,3,2661,81.207275390625,0,86,80,86,86,86,2709,911,361,249,116,3.5400390625,2,1,1,0.030517578125,377,1,376,11.474609375,633,166,470,14.34326171875,631,252,383,11.688232421875,411,80,332,10.1318359375,246,86,161,4.913330078125
3,4,PORTAL_CHAIN,0x00,0xE30EFF60,384,640,1.5,2.5,8192,180.0,00000000,00000000,46,10,1,0x01,2662,81.23779296875,2,0.06103515625,377,11.505126953125,2278,69.51904296875,166,3,2661,81.207275390625,0,86,80,86,86,86,2709,911,385,249,140,4.2724609375,1,1,0,0.0,376,1,375,11.444091796875,627,166,464,14.16015625,615,252,367,11.199951171875,409,80,330,10.07080078125,248,86,163,4.974365234375
3,4,PORTAL_CHAIN,0x00,0xE30EFF60,384,640,1.5,2.5,8192,180.0,00000000,00000000,47,11,1,0x01,2662,81.23779296875,3,0.091552734375,378,11.53564453125,2278,69.51904296875,166,3,2661,81.207275390625,0,86,80,86,86,86,2709,911,372,249,127,3.875732421875,1,1,0,0.0,376,1,375,11.444091796875,627,166,464,14.16015625,617,252,369,11.260986328125,415,80,336,10.25390625,253,86,168,5.126953125
4,5,PORTAL_WIDE,0x00,0x0099C767,1920,1920,7.5,7.5,0,0.0,00000000,00000000,48,0,0,0x00,1371,41.839599609375,1,0.030517578125,423,12.908935546875,943,28.778076171875,99,2,0,0.0,0,0,0,0,0,0,0,0,0,0,0,0.0,0,0,0,0.0,0,0,0,0.0,0,0,0,0.0,0,0,0,0.0,0,0,0,0.0,0,0,0,0.0
4,5,PORTAL_WIDE,0x00,0x0099C767,1920,1920,7.5,7.5,0,0.0,00000000,00000000,49,1,0,0x00,1370,41.80908203125,1,0.030517578125,423,12.908935546875,944,28.80859375,99,2,0,0.0,0,0,0,0,0,0,0,0,0,0,0,0.0,0,0,0,0.0,0,0,0,0.0,0,0,0,0.0,0,0,0,0.0,0,0,0,0.0,0,0,0,0.0
4,5,PORTAL_WIDE,0x00,0x0099C767,1920,1920,7.5,7.5,0,0.0,00000000,00000000,50,2,0,0x00,1371,41.839599609375,0,0.0,423,12.908935546875,944,28.80859375,99,2,0,0.0,0,0,0,0,0,0,0,0,0,0,0,0.0,0,0,0,0.0,0,0,0,0.0,0,0,0,0.0,0,0,0,0.0,0,0,0,0.0,0,0,0,0.0
4,5,PORTAL_WIDE,0x00,0x0099C767,1920,1920,7.5,7.5,0,0.0,00000000,00000000,51,3,0,0x00,1371,41.839599609375,1,0.030517578125,423,12.908935546875,943,28.778076171875,99,2,0,0.0,0,0,0,0,0,0,0,0,0,0,0,0.0,0,0,0,0.0,0,0,0,0.0,0,0,0,0.0,0,0,0,0.0,0,0,0,0.0,0,0,0,0.0
4,5,PORTAL_WIDE,0x00,0x0099C767,1920,1920,7.5,7.5,0,0.0,00000000,00000000,52,4,0,0x00,1370,41.80908203125,1,0.030517578125,423,12.908935546875,944,28.80859375,99,2,0,0.0,0,0,0,0,0,0,0,0,0,0,0,0.0,0,0,0,0.0,0,0,0,0.0,0,0,0,0.0,0,0,0,0.0,0,0,0,0.0,0,0,0,0.0
4,5,PORTAL_WIDE,0x00,0x0099C767,1920,1920,7.5,7.5,0,0.0,00000000,00000000,53,5,0,0x00,1371,41.839599609375,0,0.0,423,12.908935546875,944,28.80859375,99,2,0,0.0,0,0,0,0,0,0,0,0,0,0,0,0.0,0,0,0,0.0,0,0,0,0.0,0,0,0,0.0,0,0,0,0.0,0,0,0,0.0,0,0,0,0.0
4,5,PORTAL_WIDE,0x00,0x0099C767,1920,1920,7.5,7.5,0,0.0,00000000,00000000,54,6,0,0x00,1371,41.839599609375,1,0.030517578125,423,12.908935546875,943,28.778076171875,99,2,0,0.0,0,0,0,0,0,0,0,0,0,0,0,0.0,0,0,0,0.0,0,0,0,0.0,0,0,0,0.0,0,0,0,0.0,0,0,0,0.0,0,0,0,0.0
4,5,PORTAL_WIDE,0x00,0x0099C767,1920,1920,7.5,7.5,0,0.0,00000000,00000000,55,7,0,0x00,1370,41.80908203125,1,0.030517578125,423,12.908935546875,944,28.80859375,99,2,0,0.0,0,0,0,0,0,0,0,0,0,0,0,0.0,0,0,0,0.0,0,0,0,0.0,0,0,0,0.0,0,0,0,0.0,0,0,0,0.0,0,0,0,0.0
4,5,PORTAL_WIDE,0x00,0x0099C767,1920,1920,7.5,7.5,0,0.0,00000000,00000000,56,8,1,0x01,1872,57.12890625,2,0.06103515625,425,12.969970703125,1439,43.914794921875,99,2,1870,57.06787109375,0,19,80,19,23,19,2814,922,288,182,109,3.326416015625,2,1,1,0.030517578125,424,1,423,12.908935546875,419,99,322,9.82666015625,245,118,129,3.936767578125,397,80,318,9.70458984375,95,19,76,2.3193359375
4,5,PORTAL_WIDE,0x00,0x0099C767,1920,1920,7.5,7.5,0,0.0,00000000,00000000,57,9,1,0x01,1871,57.098388671875,2,0.06103515625,424,12.939453125,1440,43.9453125,99,2,1870,57.06787109375,0,19,80,19,23,19,2814,922,290,182,111,3.387451171875,1,1,0,0.0,423,1,422,12.87841796875,413,99,316,9.6435546875,243,118,127,3.875732421875,404,80,325,9.918212890625,96,19,77,2.349853515625
4,5,PORTAL_WIDE,0x00,0x0099C767,1920,1920,7.5,7.5,0,0.0,00000000,00000000,58,10,1,0x01,1871,57.098388671875,2,0.06103515625,425,12.969970703125,1439,43.914794921875,99,2,1870,57.06787109375,0,19,80,19,23,19,2814,922,280,182,101,3.082275390625,1,1,0,0.0,424,1,423,12.908935546875,422,99,325,9.918212890625,247,118,131,3.997802734375,401,80,322,9.82666015625,95,19,76,2.3193359375
4,5,PORTAL_WIDE,0x00,0x0099C767,1920,1920,7.5,7.5,0,0.0,00000000,00000000,59,11,1,0x01,1871,57.098388671875,2,0.06103515625,424,12.939453125,1440,43.9453125,99,2,1870,57.06787109375,0,19,80,19,23,19,2814,922,288,182,109,3.326416015625,1,1,0,0.0,424,1,423,12.908935546875,414,99,317,9.674072265625,243,118,127,3.875732421875,405,80,326,9.94873046875,95,19,76,2.3193359375
5,6,CUSTOM_PAIR,0x01,0x4D4D7731,384,384,1.5,1.5,8192,180.0,00010101,0E0A0001,60,0,0,0x00,1771,54.046630859375,0,0.0,360,10.986328125,1406,42.90771484375,170,4,0,0.0,0,0,0,0,0,0,0,0,0,0,0,0.0,0,0,0,0.0,0,0,0,0.0,0,0,0,0.0,0,0,0,0.0,0,0,0,0.0,0,0,0,0.0
5,6,CUSTOM_PAIR,0x01,0x4D4D7731,384,384,1.5,1.5,8192,180.0,00010101,0E0A0001,61,1,0,0x00,1770,54.01611328125,1,0.030517578125,360,10.986328125,1406,42.90771484375,170,4,0,0.0,0,0,0,0,0,0,0,0,0,0,0,0.0,0,0,0,0.0,0,0,0,0.0,0,0,0,0.0,0,0,0,0.0,0,0,0,0.0,0,0,0,0.0
5,6,CUSTOM_PAIR,0x01,0x4D4D7731,384,384,1.5,1.5,8192,180.0,00010101,0E0A0001,62,2,0,0x00,1771,54.046630859375,0,0.0,361,11.016845703125,1405,42.877197265625,170,4,0,0.0,0,0,0,0,0,0,0,0,0,0,0,0.0,0,0,0,0.0,0,0,0,0.0,0,0,0,0.0,0,0,0,0.0,0,0,0,0.0,0,0,0,0.0
5,6,CUSTOM_PAIR,0x01,0x4D4D7731,384,384,1.5,1.5,8192,180.0,00010101,0E0A0001,63,3,0,0x00,1770,54.01611328125,1,0.030517578125,360,10.986328125,1406,42.90771484375,170,4,0,0.0,0,0,0,0,0,0,0,0,0,0,0,0.0,0,0,0,0.0,0,0,0,0.0,0,0,0,0.0,0,0,0,0.0,0,0,0,0.0,0,0,0,0.0
5,6,CUSTOM_PAIR,0x01,0x4D4D7731,384,384,1.5,1.5,8192,180.0,00010101,0E0A0001,64,4,0,0x00,1771,54.046630859375,0,0.0,361,11.016845703125,1405,42.877197265625,170,4,0,0.0,0,0,0,0,0,0,0,0,0,0,0,0.0,0,0,0,0.0,0,0,0,0.0,0,0,0,0.0,0,0,0,0.0,0,0,0,0.0,0,0,0,0.0
5,6,CUSTOM_PAIR,0x01,0x4D4D7731,384,384,1.5,1.5,8192,180.0,00010101,0E0A0001,65,5,0,0x00,1770,54.01611328125,1,0.030517578125,360,10.986328125,1406,42.90771484375,170,4,0,0.0,0,0,0,0,0,0,0,0,0,0,0,0.0,0,0,0,0.0,0,0,0,0.0,0,0,0,0.0,0,0,0,0.0,0,0,0,0.0,0,0,0,0.0
5,6,CUSTOM_PAIR,0x01,0x4D4D7731,384,384,1.5,1.5,8192,180.0,00010101,0E0A0001,66,6,0,0x00,1771,54.046630859375,0,0.0,361,11.016845703125,1405,42.877197265625,170,4,0,0.0,0,0,0,0,0,0,0,0,0,0,0,0.0,0,0,0,0.0,0,0,0,0.0,0,0,0,0.0,0,0,0,0.0,0,0,0,0.0,0,0,0,0.0
5,6,CUSTOM_PAIR,0x01,0x4D4D7731,384,384,1.5,1.5,8192,180.0,00010101,0E0A0001,67,7,0,0x00,1770,54.01611328125,1,0.030517578125,360,10.986328125,1406,42.90771484375,170,4,0,0.0,0,0,0,0,0,0,0,0,0,0,0,0.0,0,0,0,0.0,0,0,0,0.0,0,0,0,0.0,0,0,0,0.0,0,0,0,0.0,0,0,0,0.0
5,6,CUSTOM_PAIR,0x01,0x4D4D7731,384,384,1.5,1.5,8192,180.0,00010101,0E0A0001,68,8,1,0x01,2672,81.54296875,2,0.06103515625,362,11.04736328125,2302,70.25146484375,170,4,2670,81.48193359375,0,90,78,92,106,92,2083,1105,397,253,148,4.5166015625,1,1,0,0.0,361,1,360,10.986328125,635,170,468,14.2822265625,635,262,377,11.505126953125,378,78,301,9.185791015625,263,92,172,5.2490234375
5,6,CUSTOM_PAIR,0x01,0x4D4D7731,384,384,1.5,1.5,8192,180.0,00010101,0E0A0001,69,9,1,0x01,2671,81.512451171875,2,0.06103515625,362,11.04736328125,2302,70.25146484375,170,4,2670,81.48193359375,0,90,78,92,106,92,2083,1105,383,253,134,4.08935546875,1,1,0,0.0,361,1,360,10.986328125,647,170,480,14.6484375,624,262,366,11.16943359375,378,78,301,9.185791015625,276,92,185,5.645751953125
5,6,CUSTOM_PAIR,0x01,0x4D4D7731,384,384,1.5,1.5,8192,180.0,00010101,0E0A0001,70,10,1,0x01,2672,81.54296875,2,0.06103515625,362,11.04736328125,2302,70.25146484375,170,4,2670,81.48193359375,0,90,78,92,106,92,2083,1105,400,253,151,4.608154296875,1,1,0,0.0,360,1,359,10.955810546875,634,170,467,14.251708984375,632,262,374,11.41357421875,379,78,302,9.21630859375,264,92,173,5.279541015625
5,6,CUSTOM_PAIR,0x01,0x4D4D7731,384,384,1.5,1.5,8192,180.0,00010101,0E0A0001,71,11,1,0x01,2671,81.512451171875,2,0.06103515625,362,11.04736328125,2302,70.25146484375,170,4,2670,81.48193359375,0,90,78,92,106,92,2083,1105,386,253,137,4.180908203125,1,1,0,0.0,361,1,360,10.986328125,648,170,481,14.678955078125,628,262,370,11.29150390625,374,78,297,9.063720703125,272,92,181,5.523681640625
